BillingPlan Id,BillingPlan Name,Environment Id,Environment Name,Capacity Type,Entitled Quantity,Prepaid Consumed Quantity,Pay as you go Consumed Quantity,Usage Date
88888888-8888-4888-8888-888888888888,ESS Synthetic Billing Plan,77777777-7777-4777-8777-777777777777,ESS Synthetic Validation,MCSMessages,5000.00,61.40,15.35,7/1/2026 12:00:00 AM
88888888-8888-4888-8888-888888888888,ESS Synthetic Billing Plan,77777777-7777-4777-8777-777777777777,ESS Synthetic Validation,MCSMessages,0.00,36.00,9.00,7/2/2026 12:00:00 AM
88888888-8888-4888-8888-888888888888,ESS Synthetic Billing Plan,77777777-7777-4777-8777-777777777777,ESS Synthetic Validation,MCSMessages,0.00,88.80,22.20,7/3/2026 12:00:00 AM
88888888-8888-4888-8888-888888888888,ESS Synthetic Billing Plan,77777777-7777-4777-8777-777777777777,ESS Synthetic Validation,MCSMessages,0.00,48.60,12.15,7/4/2026 12:00:00 AM
88888888-8888-4888-8888-888888888888,ESS Synthetic Billing Plan,77777777-7777-4777-8777-777777777777,ESS Synthetic Validation,MCSMessages,0.00,75.80,18.95,7/5/2026 12:00:00 AM
88888888-8888-4888-8888-888888888888,ESS Synthetic Billing Plan,77777777-7777-4777-8777-777777777777,ESS Synthetic Validation,MCSMessages,0.00,30.00,7.50,7/6/2026 12:00:00 AM
88888888-8888-4888-8888-888888888888,ESS Synthetic Billing Plan,77777777-7777-4777-8777-777777777777,ESS Synthetic Validation,MCSMessages,0.00,57.20,14.30,7/7/2026 12:00:00 AM
88888888-8888-4888-8888-888888888888,ESS Synthetic Billing Plan,77777777-7777-4777-8777-777777777777,ESS Synthetic Validation,MCSMessages,0.00,35.80,8.95,7/8/2026 12:00:00 AM
88888888-8888-4888-8888-888888888888,ESS Synthetic Billing Plan,77777777-7777-4777-8777-777777777777,ESS Synthetic Validation,MCSMessages,0.00,30.00,7.50,7/9/2026 12:00:00 AM
88888888-8888-4888-8888-888888888888,ESS Synthetic Billing Plan,77777777-7777-4777-8777-777777777777,ESS Synthetic Validation,MCSMessages,0.00,54.20,13.55,7/10/2026 12:00:00 AM
88888888-8888-4888-8888-888888888888,ESS Synthetic Billing Plan,77777777-7777-4777-8777-777777777777,ESS Synthetic Validation,MCSMessages,0.00,41.40,10.35,7/11/2026 12:00:00 AM
88888888-8888-4888-8888-888888888888,ESS Synthetic Billing Plan,77777777-7777-4777-8777-777777777777,ESS Synthetic Validation,MCSMessages,0.00,22.80,5.70,7/12/2026 12:00:00 AM
88888888-8888-4888-8888-888888888888,ESS Synthetic Billing Plan,77777777-7777-4777-8777-777777777777,ESS Synthetic Validation,MCSMessages,0.00,59.20,14.80,7/13/2026 12:00:00 AM
88888888-8888-4888-8888-888888888888,ESS Synthetic Billing Plan,77777777-7777-4777-8777-777777777777,ESS Synthetic Validation,MCSMessages,0.00,42.80,10.70,7/14/2026 12:00:00 AM
88888888-8888-4888-8888-888888888888,ESS Synthetic Billing Plan,77777777-7777-4777-8777-777777777777,ESS Synthetic Validation,MCSMessages,0.00,37.20,9.30,7/15/2026 12:00:00 AM
88888888-8888-4888-8888-888888888888,ESS Synthetic Billing Plan,77777777-7777-4777-8777-777777777777,ESS Synthetic Validation,MCSMessages,0.00,36.00,9.00,7/16/2026 12:00:00 AM
88888888-8888-4888-8888-888888888888,ESS Synthetic Billing Plan,77777777-7777-4777-8777-777777777777,ESS Synthetic Validation,MCSMessages,0.00,42.00,10.50,7/17/2026 12:00:00 AM
88888888-8888-4888-8888-888888888888,ESS Synthetic Billing Plan,77777777-7777-4777-8777-777777777777,ESS Synthetic Validation,MCSMessages,0.00,46.00,11.50,7/18/2026 12:00:00 AM
88888888-8888-4888-8888-888888888888,ESS Synthetic Billing Plan,77777777-7777-4777-8777-777777777777,ESS Synthetic Validation,MCSMessages,0.00,38.60,9.65,7/19/2026 12:00:00 AM
88888888-8888-4888-8888-888888888888,ESS Synthetic Billing Plan,77777777-7777-4777-8777-777777777777,ESS Synthetic Validation,MCSMessages,0.00,18.60,4.65,7/20/2026 12:00:00 AM
88888888-8888-4888-8888-888888888888,ESS Synthetic Billing Plan,77777777-7777-4777-8777-777777777777,ESS Synthetic Validation,MCSMessages,0.00,30.00,7.50,7/21/2026 12:00:00 AM
88888888-8888-4888-8888-888888888888,ESS Synthetic Billing Plan,77777777-7777-4777-8777-777777777777,ESS Synthetic Validation,MCSMessages,0.00,45.80,11.45,7/22/2026 12:00:00 AM
88888888-8888-4888-8888-888888888888,ESS Synthetic Billing Plan,77777777-7777-4777-8777-777777777777,ESS Synthetic Validation,MCSMessages,0.00,41.60,10.40,7/23/2026 12:00:00 AM
88888888-8888-4888-8888-888888888888,ESS Synthetic Billing Plan,77777777-7777-4777-8777-777777777777,ESS Synthetic Validation,MCSMessages,0.00,48.60,12.15,7/24/2026 12:00:00 AM
88888888-8888-4888-8888-888888888888,ESS Synthetic Billing Plan,77777777-7777-4777-8777-777777777777,ESS Synthetic Validation,MCSMessages,0.00,25.80,6.45,7/25/2026 12:00:00 AM
88888888-8888-4888-8888-888888888888,ESS Synthetic Billing Plan,77777777-7777-4777-8777-777777777777,ESS Synthetic Validation,MCSMessages,0.00,80.00,20.00,7/26/2026 12:00:00 AM
88888888-8888-4888-8888-888888888888,ESS Synthetic Billing Plan,77777777-7777-4777-8777-777777777777,ESS Synthetic Validation,MCSMessages,0.00,30.00,7.50,7/27/2026 12:00:00 AM
88888888-8888-4888-8888-888888888888,ESS Synthetic Billing Plan,77777777-7777-4777-8777-777777777777,ESS Synthetic Validation,MCSMessages,0.00,12.80,3.20,7/28/2026 12:00:00 AM
88888888-8888-4888-8888-888888888888,ESS Synthetic Billing Plan,77777777-7777-4777-8777-777777777777,ESS Synthetic Validation,MCSMessages,0.00,22.80,5.70,7/29/2026 12:00:00 AM
88888888-8888-4888-8888-888888888888,ESS Synthetic Billing Plan,77777777-7777-4777-8777-777777777777,ESS Synthetic Validation,MCSMessages,0.00,35.80,8.95,7/30/2026 12:00:00 AM
88888888-8888-4888-8888-888888888888,ESS Synthetic Billing Plan,77777777-7777-4777-8777-777777777777,ESS Synthetic Validation,MCSMessages,0.00,45.80,11.45,7/31/2026 12:00:00 AM
