User Id,User Email,Agent Id,Agent Name,Billable credit used,Credits used,M365 Copilot Licensed
90000000-0000-4000-8000-000000000001,demo01@example.com,f1d40245-f319-4e2d-8023-9e7b6f6456ac,ESS Employee Self-Service Agent,10.00,50.00,Yes
90000000-0000-4000-8000-000000000002,demo02@example.com,f1d40245-f319-4e2d-8023-9e7b6f6456ac,ESS Employee Self-Service Agent,5.70,28.50,Yes
90000000-0000-4000-8000-000000000003,demo03@example.com,f1d40245-f319-4e2d-8023-9e7b6f6456ac,ESS Employee Self-Service Agent,10.70,53.50,Yes
90000000-0000-4000-8000-000000000004,demo04@example.com,f1d40245-f319-4e2d-8023-9e7b6f6456ac,ESS Employee Self-Service Agent,59.15,91.00,No
90000000-0000-4000-8000-000000000005,demo05@example.com,f1d40245-f319-4e2d-8023-9e7b6f6456ac,ESS Employee Self-Service Agent,7.25,36.25,Yes
90000000-0000-4000-8000-000000000006,demo06@example.com,f1d40245-f319-4e2d-8023-9e7b6f6456ac,ESS Employee Self-Service Agent,8.90,44.50,Yes
90000000-0000-4000-8000-000000000007,demo07@example.com,f1d40245-f319-4e2d-8023-9e7b6f6456ac,ESS Employee Self-Service Agent,2.20,11.00,Yes
90000000-0000-4000-8000-000000000008,demo08@example.com,f1d40245-f319-4e2d-8023-9e7b6f6456ac,ESS Employee Self-Service Agent,33.64,51.75,No
90000000-0000-4000-8000-000000000009,demo09@example.com,f1d40245-f319-4e2d-8023-9e7b6f6456ac,ESS Employee Self-Service Agent,10.35,51.75,Yes
90000000-0000-4000-8000-000000000010,demo10@example.com,f1d40245-f319-4e2d-8023-9e7b6f6456ac,ESS Employee Self-Service Agent,10.35,51.75,Yes
90000000-0000-4000-8000-000000000011,demo11@example.com,f1d40245-f319-4e2d-8023-9e7b6f6456ac,ESS Employee Self-Service Agent,19.65,98.25,Yes
90000000-0000-4000-8000-000000000012,demo12@example.com,f1d40245-f319-4e2d-8023-9e7b6f6456ac,ESS Employee Self-Service Agent,81.58,125.50,No
90000000-0000-4000-8000-000000000013,demo13@example.com,f1d40245-f319-4e2d-8023-9e7b6f6456ac,ESS Employee Self-Service Agent,30.80,154.00,Yes
90000000-0000-4000-8000-000000000014,demo14@example.com,f1d40245-f319-4e2d-8023-9e7b6f6456ac,ESS Employee Self-Service Agent,5.00,25.00,Yes
90000000-0000-4000-8000-000000000015,demo15@example.com,f1d40245-f319-4e2d-8023-9e7b6f6456ac,ESS Employee Self-Service Agent,26.80,134.00,Yes
90000000-0000-4000-8000-000000000016,demo16@example.com,f1d40245-f319-4e2d-8023-9e7b6f6456ac,ESS Employee Self-Service Agent,25.51,39.25,No
90000000-0000-4000-8000-000000000017,demo17@example.com,f1d40245-f319-4e2d-8023-9e7b6f6456ac,ESS Employee Self-Service Agent,11.10,55.50,Yes
90000000-0000-4000-8000-000000000018,demo18@example.com,f1d40245-f319-4e2d-8023-9e7b6f6456ac,ESS Employee Self-Service Agent,12.90,64.50,Yes
90000000-0000-4000-8000-000000000019,demo19@example.com,f1d40245-f319-4e2d-8023-9e7b6f6456ac,ESS Employee Self-Service Agent,2.95,14.75,Yes
90000000-0000-4000-8000-000000000020,demo20@example.com,f1d40245-f319-4e2d-8023-9e7b6f6456ac,ESS Employee Self-Service Agent,8.13,12.50,No
90000000-0000-4000-8000-000000000021,demo21@example.com,f1d40245-f319-4e2d-8023-9e7b6f6456ac,ESS Employee Self-Service Agent,21.80,109.00,Yes
90000000-0000-4000-8000-000000000022,demo22@example.com,f1d40245-f319-4e2d-8023-9e7b6f6456ac,ESS Employee Self-Service Agent,10.70,53.50,Yes
90000000-0000-4000-8000-000000000023,demo23@example.com,f1d40245-f319-4e2d-8023-9e7b6f6456ac,ESS Employee Self-Service Agent,18.05,90.25,Yes
90000000-0000-4000-8000-000000000024,demo24@example.com,f1d40245-f319-4e2d-8023-9e7b6f6456ac,ESS Employee Self-Service Agent,61.43,94.50,No
90000000-0000-4000-8000-000000000025,demo25@example.com,f1d40245-f319-4e2d-8023-9e7b6f6456ac,ESS Employee Self-Service Agent,22.25,111.25,Yes
