UserPrincipalName,Department,Country,JobTitle,DisplayName,Email
demo01@example.com,Finance,USA,Analyst,Demo User 01,demo01@example.com
demo02@example.com,Human Resources,United Kingdom,Senior Analyst,Demo User 02,demo02@example.com
demo03@example.com,IT,Germany,Manager,Demo User 03,demo03@example.com
demo04@example.com,Sales,India,Specialist,Demo User 04,demo04@example.com
demo05@example.com,Operations,Canada,Coordinator,Demo User 05,demo05@example.com
demo06@example.com,Marketing,Australia,Director,Demo User 06,demo06@example.com
demo07@example.com,Finance,USA,Analyst,Demo User 07,demo07@example.com
demo08@example.com,Human Resources,United Kingdom,Senior Analyst,Demo User 08,demo08@example.com
demo09@example.com,IT,Germany,Manager,Demo User 09,demo09@example.com
demo10@example.com,Sales,India,Specialist,Demo User 10,demo10@example.com
demo11@example.com,Operations,Canada,Coordinator,Demo User 11,demo11@example.com
demo12@example.com,Marketing,Australia,Director,Demo User 12,demo12@example.com
demo13@example.com,Finance,USA,Analyst,Demo User 13,demo13@example.com
demo14@example.com,Human Resources,United Kingdom,Senior Analyst,Demo User 14,demo14@example.com
demo15@example.com,IT,Germany,Manager,Demo User 15,demo15@example.com
demo16@example.com,Sales,India,Specialist,Demo User 16,demo16@example.com
demo17@example.com,Operations,Canada,Coordinator,Demo User 17,demo17@example.com
demo18@example.com,Marketing,Australia,Director,Demo User 18,demo18@example.com
demo19@example.com,Finance,USA,Analyst,Demo User 19,demo19@example.com
demo20@example.com,Human Resources,United Kingdom,Senior Analyst,Demo User 20,demo20@example.com
demo21@example.com,IT,Germany,Manager,Demo User 21,demo21@example.com
demo22@example.com,Sales,India,Specialist,Demo User 22,demo22@example.com
demo23@example.com,Operations,Canada,Coordinator,Demo User 23,demo23@example.com
demo24@example.com,Marketing,Australia,Director,Demo User 24,demo24@example.com
demo25@example.com,Finance,USA,Analyst,Demo User 25,demo25@example.com
